# Identical to the Arduino build's default_16MB.csv (micro-radar-s3), so the
# NVS partition (Wi-Fi credentials + "config" namespace) stays in place when
# switching between the Arduino and ESP-IDF builds.
#
# Name,     Type, SubType,  Offset,   Size
nvs,        data, nvs,      0x9000,   0x5000
otadata,    data, ota,      0xe000,   0x2000
app0,       app,  ota_0,    0x10000,  0x640000
app1,       app,  ota_1,    0x650000, 0x640000
spiffs,     data, spiffs,   0xc90000, 0x360000
coredump,   data, coredump, 0xff0000, 0x10000
